id,class,tech,tonnage,chassis,variant,buildUrl,skillCode,skillTreeCode,skillTreeUrl,weaponry,equipment,description,role,buildCodes,primaryRangeBracketMin,primaryRangeBracketMax,optimalRange,maxRange,schemaVersion,docType
0951bd89-0834-4941-83f5-bf6bbd017f58,Assault,Clan,95,Clan Bullshark,MAKO,https://mwo.nav-alpha.com/mechlab?b=00fd907b_BSK-M,pending,,,3x C-ER PPC | 2x C-Gauss Rifle,"[""10x C-Double Heat Sink"",""4x C-Gauss Ammo"",""Clan Active Probe"",""Clan XL Engine 300"",""TComp Mk I""]",Imported from NAV-Alpha build link.,Juggernaut,"{""default"":""AmiE4:h1|2f|l^|l^|1Cp@1|1C|l^|l^|l^|l^q@1|1C|l^|l^|l^|l^rY0|hBsY0|hB|TRt:1|e<2|TRu:1|l<2|TRvB0|TRw000000"",""export"":""AmiE4:h1|2f|l^|l^|1Cp@1|1C|l^|l^|l^|l^q@1|1C|l^|l^|l^|l^rY0|hBsY0|hB|TRt:1|e<2|TRu:1|l<2|TRvB0|TRw000000""}",500,1000,700,1400,1.0,mech
1a5cc21d-2f15-457e-9254-9e57a025dffe,Heavy,Clan,75,Timber Wolf,TBR-S,https://mwo.nav-alpha.com/mechlab?b=b923ef54_TBR-S,pending,,,2x C-Beam Laser | 2x C-Machine Gun | 2x C-Micro Pulse Laser | 4x C-SRM 6,"[""5x C-Double Heat Sink"",""C-Machine Gun Ammo"",""3x C-SRM Ammo"",""5x Jump Jet Class III"",""XL Engine 375""]",Imported from NAV-Alpha build link.,Brawler,"{""default"":""AU2D<:B00E7p@01E7|MCqo02E7|<C|<C|XR|XR|iBrK1so04E7|<C|<C|^C|iBtX05E7|^C|XR|MC|URu016E7v017E7w101010"",""export"":""AU2D<:K1po04E7|<C|<C|^C|iBqo02E7|<C|<C|XR|XR|iBr@01E7|MCsX05E7|^C|XR|MC|URt016E7u017E7vB00E7w101010""}",0,0,0,0,1.0,mech
281a52d0-1642-447d-9ccb-57d04c4f2979,Light,Clan,25,Commando Iic,COM-IIC,https://mwo.nav-alpha.com/mechlab?b=2f7b3381_COM-IIC,pending,,,C-SRM 4 | 3x C-SRM 6,"[""2x C-Double Heat Sink"",""3x C-SRM Ammo"",""C-SRM Ammo (1/2)"",""Clan XL Engine 210""]","Some more armor on the arm, though less alpha.",Skirmisher,"{""default"":""A4kD4:P0|`e|<C|XRpH0|<C|l^|l^|XR|lRqH0|<Cr00s@0|;CtH0uH0v90|XRw000000""}",0,0,0,0,1.0,mech
a931669c-4329-4fbf-99c9-a71bcf44f37c,Light,Clan,30,Incubus,SABRE,https://mwo.nav-alpha.com/mechlab?b=476d4e1d_INC-SA,pending,,,3x C-Heavy Machine Gun | 2x C-Small Pulse Laser | C-SRM | 3x C-SRM 6,"[""Ammo"",""2x Ammo (1/2)"",""C-Double Heat Sink"",""2x C-SRM Ammo"",""XL Engine 245""]",Imported from NAV-Alpha build link.,Brawler,"{""default"":""AR;D4:10|5Sp00qJ0|KC|nBrV0|ge|<C|XRsJ0|KC|KC|nB|4S|l^|lRtC0|<C|<C|XRuL0vL0w202020"",""export"":""AR;D4:V0|ge|<C|XRpJ0|KC|KC|nB|4S|l^|lRqJ0|KC|nBr00sC0|<C|<C|XRtL0uL0v10|5Sw202020""}",0,0,0,0,1.0,mech
4fc0e66e-aa34-493e-9658-009dd8a3f6b6,Heavy,Clan,75,Orion Iic,ON1-IIC,https://mwo.nav-alpha.com/mechlab?b=94f1657b_ON1-IIC,pending,,,3x C-Beam Laser | 4x C-SRM | 3x C-SRM 6 + Artemis,"[""4x Ammo A (1/2)"",""10x C-Double Heat Sink"",""TComp Mk I"",""XL Engine 340""]",Imported from NAV-Alpha build link.,DPS,"{""default"":""Ad5D5:B0|e<2p^0|^C|?C|mR|mRqm0|l^|l^|?C|?C|mR|mRrI1|:f|l^|l^|l^sm0|l^|l^|l^|l^t`0|^C|^C|l^u01v01w303030"",""export"":""Ad5D5:I1|:f|l^|l^|l^pm0|l^|l^|l^|l^qm0|l^|l^|?C|?C|mR|mRr^0|^C|?C|mR|mRs`0|^C|^C|l^t01u01vB0|e<2w303030""}",0,0,0,0,1.0,mech
641e231c-6939-4efe-b3d5-5a34df92dd06,Light,Clan,30,Urbanmech Iic,UM-IIC-MTS(P),https://mwo.nav-alpha.com/mechlab?b=2ff4bed0_UM-IIC-MTSP,pending,,,2x C-Beam Las | 11x C-LMG,"[""7x C-Double Heat Sink"",""3x C-LMG Ammo"",""Clan XL Engine 90"",""TComp Mk I""]",Imported from NAV-Alpha build link.,Skirmisher,"{""imported"":""UM-IIC-MTSP"",""export"":""AHkD4:X0|He|JC|JCpL0|JC|^C|l^|l^|l^qL0|JC|^C|l^|l^|l^r:0|JC|JC|JC|JC|2Ss90|JC|JC|JCtD0|2S|e<2uL0|l^v00|2Sw000000""}",0,0,0,0,1.0,mech
05e9c588-e343-4452-beea-4d54f603ee27,Light,Clan,30,Incubus,INC-4,https://mwo.nav-alpha.com/mechlab?b=fa738625_INC-4,pending,,,5x C-Medium Pulse Laser,"[""Clan XL Engine 285""]",Imported from NAV-Alpha build link.,Skirmisher,"{""imported"":""INC-4"",""export"":""AP;D4:V0|oepJ0|oB|oBqJ0|oB|oB|oBr00s00tL0uL0v10w202020""}",0,0,300,600,1.0,mech
30a67769-0e4a-4e39-9442-476f8c1b82e0,Light,IS,25,Commando,COM-D03H,https://mwo.nav-alpha.com/mechlab?b=f0a9e763_COM-D03H,pending,,,4x Small Laser | Snub Nose PPC,"[""3x Double Heat Sink"",""Light Engine 175"",""MASC Mk I""]",Imported from NAV-Alpha build link.,Skirmisher,"{""default"":""AGi92:10|[?|[?p00qF0|i^rN0|=g|I@|[?|[?sF0|i^|i^t00uF0vF0|0Iw202020"",""export"":""AGi92:N0|=g|I@|[?|[?pF0|i^|i^qF0|i^r00s00tF0uF0|0Iv10|[?|[?w202020""}",0,0,0,0,1.0,mech
9f55605d-2173-4a1b-bf71-f4079f98a543,Light,IS,25,Commando,COM-D03H,https://mwo.nav-alpha.com/mechlab?b=624df7e0_COM-D03H,pending,,,2x Medium Pulse Laser | 3x Small Laser,"[""5x Heat Sink"",""MASC Mk I"",""STD Engine 175""]",Imported from NAV-Alpha build link.,Skirmisher,"{""default"":""AGi90:10|c?|c?p00qD0rN0|Qb|h^|[?|[?|[?sD0|h^t00uH0|0I|h^vH0|h^|h^w202020"",""export"":""AGi90:N0|Qb|h^|[?|[?|[?pD0|h^qD0r00s00tH0|0I|h^uH0|h^|h^v10|c?|c?w202020""}",0,0,0,0,1.0,mech
f03b7bae-7cca-46b7-a2f9-bbb32d28a0a3,Light,Clan,20,Firemoth,FMT-PRIME,https://mwo.nav-alpha.com/mechlab?b=faac1626_FMT-PRIME,pending,,,C-SRM | 3x C-SRM 6,"[""Ammo (1/2)"",""2x C-Double Heat Sink"",""C-MASC Mk I Fire Moth"",""C-SRM Ammo"",""XL Engine 200""]",Imported from NAV-Alpha build link.,Brawler,"{""default"":""AZjD<:00P\\7p00a\\7|<CqC0R\\7|lRrG0sC0T\\7|<C|XRt00U\\7|<Cu@0V\\7v@0W\\7w101010"",""export"":""AZjD<:G0pC0T\\7|<C|XRqC0R\\7|lRr00a\\7|<Cs00U\\7|<Ct@0V\\7u@0W\\7v00P\\7w101010""}",0,0,0,0,1.0,mech
c6544bbc-30eb-4306-a805-b29377cc3c3e,Light,Clan,20,Firemoth,FMT-H,https://mwo.nav-alpha.com/mechlab?b=5e2679f2_FMT-H,pending,,,11x C-μPL,[],,Brawler,"{""default"":""A^jD<:H0pD0l\\7|MC|MCqD02]7r901]7|MC|MC|MC|MCs:05]7|MC|MC|MC|MC|MCt@06]7u@07]7v000]7w000000""}",0,0,0,0,1.0,mech
41eba955-1e86-45a3-beae-72754ea00e8b,Light,IS,20,Flea,FLE-19,https://mwo.nav-alpha.com/mechlab?b=959ebddc_FLE-19,pending,,,Parsed from link. Please review and update weapon details.,"[""3x Ammo"",""3x Heat Sink"",""XL Engine 180""]",Imported from NAV-Alpha build link.,Skirmisher,"{""default"":""A:;:0:00|MPp<0|f@|f@|f@|f@|h^|[<2qC0rH0|6d|MP|MPsC0|h^t<0|f@|f@|f@|f@|h^|[<2u@0v@0w000000"",""export"":""A:;:0:H0|6d|MP|MPpC0|h^qC0r<0|f@|f@|f@|f@|h^|[<2s<0|f@|f@|f@|f@|h^|[<2t@0u@0v00|MPw000000""}",0,0,0,0,1.0,mech
1aebb9e2-e828-40e2-a432-0b18e96b3db6,Light,IS,20,Flea,FLE-FA,https://mwo.nav-alpha.com/mechlab?b=5dd2ec61_FLE-FA,pending,,,3x ER Small Laser,"[""2x Ammo"",""4x Double Heat Sink"",""MASC Mk I"",""XL Engine 170""]",Imported from NAV-Alpha build link.,Skirmisher,"{""default"":""A<;82:00|E@p80|f@|f@|f@|MPqD0|0I|E@|i^|i^rH0|4dsD0|E@|i^|i^t80|f@|f@|f@|MP|[<2u@0v@0w000000"",""export"":""A<;82:H0|4dpD0|E@|i^|i^qD0|0I|E@|i^|i^r80|f@|f@|f@|MPs80|f@|f@|f@|MP|[<2t@0u@0v00|E@w000000""}",0,0,0,0,1.0,mech
8d40afd6-515e-4505-8c65-aa9984a34f3e,Light,IS,20,Flea,FLE-17,https://mwo.nav-alpha.com/mechlab?b=35ddd812_FLE-17,pending,,,2x Medium Pulse Laser | 5x Small Laser,"[""4x Double Heat Sink"",""MASC Mk I"",""XL Engine 170""]",Imported from NAV-Alpha build link.,Brawler,"{""default"":""A8;:2:00p;0|[?|[?qD0|[?|i^|i^rH0|4d|c?|0IsD0|c?|i^|i^t;0|[?|[?u@0v@0w000000"",""export"":""A8;:2:H0|4d|c?|0IpD0|c?|i^|i^qD0|[?|i^|i^r;0|[?|[?s;0|[?|[?t@0u@0v00w000000""}",0,0,0,0,1.0,mech
7cb624b3-826e-44bf-877d-614279b16532,Light,Clan,20,Firemoth,FMT-K,https://mwo.nav-alpha.com/mechlab?b=cacfb521_FMT-K,pending,,,6x C-AP Gauss | 2x C-Heavy Small Laser,"[""2x AP Gauss Ammo"",""2x C-Double Heat Sink"",""C-MASC Mk I Fire Moth"",""XL Engine 200""]",Imported from NAV-Alpha build link.,Skirmisher,"{""default"":""A_jD<:008]7p009]7|]C|]C|]C|NCqD0:]7|DSrH0sD0<]7|DSt00=]7|]C|]C|]C|NCu@0>]7v@0?]7w000000"",""export"":""A_jD<:H0pD0<]7|DSqD0:]7|DSr009]7|]C|]C|]C|NCs00=]7|]C|]C|]C|NCt@0>]7u@0?]7v008]7w000000""}",0,0,0,0,1.0,mech
095f7ff5-6f33-4964-a819-40bc61c12798,Light,Clan,30,Arctic Cheetah,ACH-A,https://mwo.nav-alpha.com/mechlab?b=61ed43b1_ACH-A,pending,,,2x C-ER LL,"[""TComp Mk I""]",,Skirmisher,"{""imported"":""ACH-A"",""default"":""AT4D<:V0pJ0<M7|e<2qJ0:M7r:09M7|mBs:0=M7|mBtL0>M7uL0?M7v008M7w202020""}",0,0,0,0,1.0,mech
edcce886-6e71-47d2-8a00-ae3caefdd443,Medium,Clan,55,Black Lanner,BKL-C,https://mwo.nav-alpha.com/mechlab?b=9973b12c_BKL-C,pending,,,2x C-Heavy Large Laser | 3x C-Heavy Small Laser,"[""2x C-Double Heat Sink"",""C-MASC Mk II"",""Light Active Probe"",""XL Engine 385""]",Imported from NAV-Alpha build link.,Skirmisher,"{""default"":""AI:D<:00YW7|NCpM0:W7|NC|NCqd0;W7|PC|l^|l^r81sd0EW7|n<2tT06W7|PCud0GW7vd0HW7w000000"",""export"":""AI:D<:81pd0EW7|n<2qd0;W7|PC|l^|l^rM0:W7|NC|NCsT06W7|PCtd0GW7ud0HW7v00YW7|NCw000000""}",0,0,0,0,1.0,mech
c7f9846e-47df-4443-a91a-9ebe7cb9a096,Light,Clan,20,Firemoth,ALETHA,https://mwo.nav-alpha.com/mechlab?b=8eded029_FMT-AL,a57050c85400182000449cdf5ef6a77e0737a0000504a031a2990907d7618,,,4x C-HML,"[""C-Double Heat Sink"",""Light Active Probe""]",,Skirmisher,"{""default"":""A`jD<:H0pD0D]7qD0B]7|n<2|l^r;0A]7|OC|OC|OCs80E]7|OCt@0F]7u@0G]7v00@]7w000000""}",0,0,0,0,1.0,mech
92a11a7c-0045-46ae-a250-6c17fe4a86af,Assault,Clan,100,Bane,LEVIATHAN,https://mwo.nav-alpha.com/mechlab?b=b5f540b6_BANE-L,pending,,,Parsed from link. Please review and update weapon details.,[],Imported from NAV-Alpha build link.,Juggernaut,"{""default"":""AXjM4:B0pc0|IC|ORqC1|1C|l^|l^|l^|l^rk1|2f|l^|l^|OR|ORsC1|1C|0C|l^|l^|l^tc0|IC|ORuj0|l^vj0|l^w101010"",""export"":""AXjM4:k1|2f|l^|l^|OR|ORpC1|1C|0C|l^|l^|l^qC1|1C|l^|l^|l^|l^rc0|IC|ORsc0|IC|ORtj0|l^uj0|l^vB0w101010""}",0,0,0,0,1.0,mech
d9ef1c25-82b3-4d3b-a7b9-dca0353c930d,Heavy,Clan,65,Linebacker,LBK-C,https://mwo.nav-alpha.com/mechlab?b=a5ca5220_LBK-C,pending,,,2x C-Beam Las | 3x C-ER Med | 3x C-LMG,"[""C-LMG Ammo"",""TComp Mk I""]",Imported from NAV-Alpha build link.,Brawler,"{""imported"":""LBK-C"",""export"":""AI7D<:D1|e<2pl0ER7|JC|JC|^C|2Sql0CR7|^C|lB|lBrD0BR7|lBs<0FR7|JCtl0GR7ul0HR7vB0AR7w000000""}",0,0,0,0,1.0,mech
b8ab79a2-6f9d-4ec7-90a6-3c61e49aa25a,Medium,IS,50,Enforcer,ENF-4R,https://mwo.nav-alpha.com/mechlab?b=0251c622_ENF-4R,pending,,,4x ER LL,"[""5x Double Heat Sink"",""IS TComp Mk I"",""4x Jump Jet Class IV"",""XL Engine 235""]",,Skirmisher,"{""imported"":""ENF-4R"",""default"":""Ai382:01|Ad|OG|OGp_0|i^|i^|i^q_0|]?|]?|i^|OG|OGrE0|]?|]?|i^s00t`0u`0v;0|o<2w001010""}",0,0,0,0,1.0,mech
840274de-53bd-488e-87f1-900b3004287f,Light,IS,35,Firestarter,FIRESTORM,https://mwo.nav-alpha.com/mechlab?b=57515bf1_FS9-FS,pending,,,3x LPPC | 4x Magshot,"[""2x CASE"",""Double Heat Sink"",""2x Jump Jet Class V"",""Magshot Ammo"",""XL Engine 265""]",Imported from NAV-Alpha build link.,Skirmisher,"{""default"":""Ac::2:10|MPp?0|f@|f@|[<2qN0|G@|i^|PGrZ0|Gd|G@sN0|G@|PGt?0|f@|f@|[<2uP0vP0w202020"",""export"":""Ac::2:Z0|Gd|G@pN0|G@|PGqN0|G@|i^|PGr?0|f@|f@|[<2s?0|f@|f@|[<2tP0uP0v10|MPw202020""}",0,0,0,0,1.0,mech
ee2c7b10-0fde-44fa-abd3-aa4b72ca137e,Assault,IS,100,Marauder Ii,MAD-X,https://mwo.nav-alpha.com/mechlab?b=efb3b5c3_MAD-XS,pending,,,RG | 2x Gauss,"[""3x Gauss Ammo"",""2x Heat Sink"",""4x Rail Gun Ammo"",""STD Engine 200""]",,Juggernaut,"{""default"":""ABl80:k1|VbpB1|m?qB1|m?r50|h^|SPs50|h^|HOt81|HO|SPu81|HO|SPvB0|SPw102020""}",0,0,0,0,1.0,mech
1ee9a0a0-4353-44c0-b2e5-abdabbb37bb3,Assault,Clan,100,Stone Rhino,SR-X(S),https://mwo.nav-alpha.com/mechlab?b=6b526d7d_SR-XS,pending,,,2x C-ER PPC | 5x C-ER Small,"[""10x C-Double Heat Sink"",""5x C-Rail Gun Ammo"",""Clan XL Engine 325""]",Imported from NAV-Alpha build link.,Juggernaut,"{""imported"":""SR-XS"",""export"":""AAlE4:l1|7f|l^|l^|l^pD1|l^|1C|FSqD1|l^|1C|FSrK0|kB|kB|l^|l^sG0|kB|kB|kB|l^|l^tD1|FS|FSuD1|l^vB0|FSw000000""}",0,0,0,0,1.0,mech
93fdb4f4-718f-48cd-bd69-277fcf5ac80a,Assault,Clan,100,Stone Rhino,SR-1,https://mwo.nav-alpha.com/mechlab?b=4da32386_SR-1,pending,,,4x C-Gauss,"[""9x C-Gauss Ammo"",""2x Jump Jet Class I"",""STD Engine 265""]",Imported from NAV-Alpha build link.,Juggernaut,"{""imported"":""SR-1"",""default"":""ANhD4:l1|cb|LG|LGpC1|hB|hBqC1|hB|hBrQ0|TR|TRsJ0|TR|TRtD1|TR|TRuD1|TR|TRvB0|TRw001010""}",0,0,0,0,1.0,mech
77e99719-d3f7-4f5d-9652-6bbe95658566,Medium,IS,40,Cicada,CDA-3F,https://mwo.nav-alpha.com/mechlab?b=7e128cbe_CDA-3F,pending,,,2x ER PPC | 2x SmLas,"[""Double Heat Sink"",""3x Jump Jet Class IV"",""XL Engine 280""]",,Skirmisher,"{""imported"":""CDA-3F"",""default"":""A\\692:`0|JdpX0|^?|[?|OGqX0|^?|[?|OG|OG|i^r30s30tX0uX0vB0w000000""}",0,0,0,0,1.0,mech
030582b6-831f-4848-8f72-194613653ba6,Medium,Clan,45,Shadowhawk Iic,SHD-IIC-2,https://mwo.nav-alpha.com/mechlab?b=954c64af_SHD-IIC-2,pending,,,6x C-MPL,"[""7x C-Double Heat Sink"",""Clan XL Engine 280"",""3x Jump Jet Class IV"",""TComp Mk I""]",Imported from NAV-Alpha build link.,Skirmisher,"{""imported"":""SHD-IIC-2"",""export"":""AOkD4:g0|ne|l^|oB|oBp[0|oB|l^|l^|OGq[0|oB|l^|l^|OG|OG|e<2rL0|oBs00t\\0|l^u\\0|l^v80|oBw101010""}",0,0,0,0,1.0,mech
f6807bee-e8e2-4498-a8ad-9ad5a992551b,Medium,IS,45,Vindicator,VND-5L,https://mwo.nav-alpha.com/mechlab?b=7dbab6bc_VND-5L,pending,,,Binary Las C | 6x ER Med,"[""2x Double Heat Sink"",""2x Jump Jet Class IV"",""Light Engine 280""]",,Skirmisher,"{""imported"":""VND-5L"",""default"":""A6k92:h0|Rg|i^p\\0|F@|F@|F@q\\0|`@|F@|F@|i^|OGr00s00|F@tW0|OGuW0v:0w000000""}",0,0,0,0,1.0,mech
b74a75f0-60df-4e96-9b36-034a61ef44d2,Medium,IS,45,Vindicator,VND-5L,https://mwo.nav-alpha.com/mechlab?b=30bf0b20_VND-5L,pending,,,Binary Las C | 6x ER Med,"[""4x Double Heat Sink"",""2x Jump Jet Class IV"",""XL Engine 295""]",,Skirmisher,"{""imported"":""VND-5L"",""default"":""A6k:2:g0|Md|i^|OG|OGp[0|`@|F@|F@|i^q[0|F@|F@|F@|i^|i^r00s@0|F@t\\0u\\0v60w101010""}",0,0,0,0,1.0,mech
863a7849-dbd2-4585-84ad-e25141c07371,Heavy,Clan,60,Hellfire,HLF-C,https://mwo.nav-alpha.com/mechlab?b=56dc2243_HLF-C,pending,,,2x C-ER Med | 2x C-HLL | 4x C-SRM 6A,"[""6x C-Double Heat Sink"",""C-MASC Mk II"",""3x C-SRM Ammo A"",""Clan XL Engine 300""]",Imported from NAV-Alpha build link.,Brawler,"{""default"":""AC;D5:B0|YRpX0|lB|PC|YRqg0|?C|?C|l^|l^r?1|2f|l^|l^|6Isg0|?C|?C|l^|l^tX0|lB|PC|YRuh0vh0w101010"",""export"":""AC;D5:?1|2f|l^|l^|6Ipg0|?C|?C|l^|l^qg0|?C|?C|l^|l^rX0|lB|PC|YRsX0|lB|PC|YRth0uh0vB0|YRw101010""}",0,0,0,0,1.0,mech
1192cb63-c322-4925-a778-20f0a5f86930,Assault,IS,95,Bullshark,BSK-2,https://mwo.nav-alpha.com/mechlab?b=287ed4c5_BSK-2,pending,,,6x ER LL | 6x MedLas,"[""13x Heat Sink"",""IS TComp Mk II"",""2x Jump Jet Class I"",""Light Engine 300""]","Versatile Trader, good for defending caps.",Juggernaut,"{""default"":""Agi80:B0|Y?p=0|Y?|Y?|h^|h^q@1|]?|]?|]?|h^|h^|h^|h^rh1|Vg|h^|h^|Y?|LGs@1|]?|]?|]?|h^|h^|h^|h^t=0|Y?|Y?u61|0=2v61|LG|h^w000000""}",0,0,0,0,1.0,mech
bc0e9495-55cc-4d8b-80f2-9becee3823f1,Heavy,Clan,70,Grand Summoner,SMN-II-P,https://mwo.nav-alpha.com/mechlab?b=64df88c4_SMN-II-P,pending,,,2x C-Plasma PPC | 3x C-UAC/5,"[""4x C-Ultra AC/5 Ammo"",""C-Ultra AC/5 Ammo (1/2)""]",Imported from NAV-Alpha build link.,Brawler,"{""default"":""A8kD<:B0e[7p00`[7qk07\\7|eB|_C|QRrG1|QRsk0;\\7|eB|eB|_Ct00d[7ul09\\7|eRvk0:\\7|QR|QRw101010"",""export"":""A8kD<:G1|QRpk0;\\7|eB|eB|_Cqk07\\7|eB|_C|QRr00`[7s00d[7tl09\\7|eRuk0:\\7|QR|QRvB0e[7w101010""}",0,0,0,0,1.0,mech
49c32d60-57da-4d28-9203-15fbee2f0001,Medium,Clan,45,Shadow Cat,MISHIPESHU,https://mwo.nav-alpha.com/mechlab?b=98e219bc_SHC-MI,a57158d8d744e08470a49cdf5ef207420405a00001042021a399090797478,,,2x C-Beam Las | 6x C-LMG,"[""2x C-LMG Ammo"",""TComp Mk I""]",Imported from NAV-Alpha build link.,Skirmisher,"{""default"":""A=9D<:B0aS7pL0iM7|JC|JC|JC|2Sq[0CZ7|^C|JC|JC|2Srg0s[0TM7|^C|e<2t:0UM7|JCu\\0gS7v\\0hS7w101010""}",0,0,0,0,1.0,mech
47bbf1a6-478c-4fda-81d3-c436f74b6f3b,Heavy,IS,65,Thunderbolt,TDR-5S-T,https://mwo.nav-alpha.com/mechlab?b=47cf4322_TDR-5S-T,pending,,,4x ER LL | 5x MedLas,"[""4x Double Heat Sink"",""IS TComp Mk I"",""Light Engine 300""]",Unconfirmed mount locations,Brawler,"{""default"":""AQ4:2:B0|o<2p00ql0|]?|]?|Y?|Y?|i^rD1|Vg|i^|i^sl0|]?|]?|Y?|Y?|i^tO0|Y?ul0vl0w000000"",""export"":""AQ4:2:D1|Vg|i^|i^pl0|]?|]?|Y?|Y?|i^ql0|]?|]?|Y?|Y?|i^r00sO0|Y?tl0ul0vB0|o<2w000000""}",0,0,0,0,1.0,mech
4131b6c1-9011-4aed-a078-d9fb79f67735,Light,Clan,30,Incubus,INC-5,https://mwo.nav-alpha.com/mechlab?b=fcef1e86_INC-5,pending,,,C-Beam Las | 2x C-ER Med | 4x C-LMG,"[""C-LMG Ammo"",""C-LMG Ammo (1/2)"",""Clan XL Engine 265"",""TComp Mk I""]",Imported from NAV-Alpha build link.,Skirmisher,"{""imported"":""INC-5"",""export"":""AQ;D4:V0|ke|3S|e<2pJ0|JC|JC|^CqJ0|JC|JC|lB|lBr00s00tL0uL0v10|2Sw202020""}",0,0,0,0,1.0,mech
920e7761-6f6c-45f0-8199-259bc69d823c,Light,Clan,30,Incubus,INC-5,https://mwo.nav-alpha.com/mechlab?b=e41760c8_INC-5,pending,,,2x C-HLL | 4x C-LMG,"[""C-Double Heat Sink"",""C-LMG Ammo"",""C-LMG Ammo (1/2)"",""Clan XL Engine 265""]",Imported from NAV-Alpha build link.,Skirmisher,"{""imported"":""INC-5"",""export"":""AQ;D4:V0|ke|3SpJ0|PC|JC|JC|l^qJ0|PC|JC|JCr00s00tL0uL0v10|2Sw202020""}",0,0,0,0,1.0,mech
ba7562f0-5272-449c-a9ad-abdc4fdf7492,Heavy,IS,65,Roughneck,RGH-BLT,https://mwo.nav-alpha.com/mechlab?b=08944831_RGH-BLT,pending,,,4x AC/5,"[""5x AC/5 Ammo"",""AC/5 Ammo (1/2)"",""Light Engine 250""]",Imported from NAV-Alpha build link.,Brawler,"{""default"":""A>=:2:00|FOp00ql0|k?|k?rD1|Lg|FO|FOsl0|k?|k?t00uZ0|FOvZ0|FO|cOw000000"",""export"":""A>=:2:D1|Lg|FO|FOpl0|k?|k?ql0|k?|k?r00s00tZ0|FOuZ0|FO|cOv00|FOw000000""}",0,0,0,0,1.0,mech
c1ae4e6f-6c84-4829-848e-1d4a62e7c04b,Assault,Clan,100,Stone Rhino,SR-X,https://mwo.nav-alpha.com/mechlab?b=1e1cab70_SR-X,pending,,,RG | 4x C-ER LL,"[""9x C-Double Heat Sink"",""5x C-Rail Gun Ammo"",""Clan XL Engine 350""]",Imported from NAV-Alpha build link.,Trader (Forward),"{""default"":""A`lD4:j1|<f|l^|l^|l^|l^pB1|mB|l^|l^qB1|mB|l^|l^rX0|mB|mB|l^s00t:1|FS|FSu;1|FS|FSvB0|FSw202020""}",0,0,0,0,1.0,mech
c2594041-8d49-4dda-a677-dfa6054ec743,Assault,Clan,100,Stone Rhino,SR-X,https://mwo.nav-alpha.com/mechlab?b=780de0e2_SR-X,pending,,,RG | 4x C-ER LL,"[""5x C-Rail Gun Ammo"",""Clan XL Engine 300"",""14x Heat Sink""]",SHS Alpha Strike. Untested,Trader (Anchor),"{""default"":""A`lD6:j1|2f|h^|h^pB1|mB|h^|h^|h^|h^qB1|mB|h^|h^|h^|h^rW0|mB|h^|FSsW0|mB|h^|FStD1|h^|FSuD1|h^|FSvB0|FSw202020""}",0,0,0,0,1.0,mech
bc85b570-b3ad-46b8-9530-7da23dd97ef1,Assault,Clan,85,Clanbattlemaster,BLR-1GBC,https://mwo.nav-alpha.com/mechlab?b=14b0f8a2_BLR-1GBC,pending,,,7x C-ER LL,"[""17x C-Double Heat Sink"",""Clan XL Engine 330"",""TComp Mk I""]",Fast BLR-1GBC,Trader (Forward),"{""default"":""A\\lE4:[1|8f|l^|l^|l^|mBp71|mB|mB|mB|l^|l^|l^q71|l^|mB|mB|mB|l^|l^rW0|l^|l^|l^sW0|l^|l^|l^t21|l^u21|l^vB0|e<2w101010""}",0,0,0,0,1.0,mech
b76f63db-243e-49f0-9450-c479a94c2823,Heavy,Clan,75,Night Gyr,NTG-C,https://mwo.nav-alpha.com/mechlab?b=b7cd1756_NTG-C,a5fdf9fcf76fe18470a49cdf56f000000000000008066124b1647e4202018,,,2x C-ER LL | C-ER PPC | C-Gauss,"[""7x C-Double Heat Sink"",""3x C-Gauss Ammo"",""C-Gauss Ammo (1/2)"",""TComp Mk I""]",,Trader (Anchor),"{""default"":""Am6D<:K1|e<2|hRpo0LO7|l^|l^|TRqo0JO7|l^|mB|l^r`0IO7|hB|TR|TRs`0MO7|1C|l^|l^|l^to0NO7uo0OO7vB0HO7|mBw101010""}",0,1500,1000,2000,1.0,mech
6b8758f5-c26c-493e-b3cb-8acb5f6dfd5a,Assault,IS,100,Marauder Ii,MAD-X,https://mwo.nav-alpha.com/mechlab?b=4d5427ea_MAD-X,pending,,,RG | 2x LB 2 | 6x SmLas,"[""3x Double Heat Sink"",""2x LB 2-X AC Ammo (CASE)"",""Light Engine 325"",""4x Rail Gun Ammo""]","Max cooldown, range, ammo, velocity, LBX spread, Survival, Crit Chance, Max speed, Cool Run, Improved Gyros, ADV Zoom",Juggernaut,"{""default"":""Aal82:j1|[g|i^|i^|i^pB1|SP|J@|[?qB1|SP|J@|[?rJ0|[?|[?sJ0|[?|[?t;1|oO|[<2u;1|SP|oOvB0|SPw202020""}",0,0,1000,0,1.0,mech
5ae9b1a2-8bcc-4f31-876b-3f1796f3e685,Assault,IS,100,Marauder Ii,MAD-X,https://mwo.nav-alpha.com/mechlab?b=568e7439_MAD-X,pending,,,RG | 2x ER PPC,"[""Beagle Active Probe"",""3x Double Heat Sink"",""Light Engine 345"",""5x Rail Gun Ammo""]",,Trader (Forward),"{""default"":""Aal:2:j1|_g|i^|i^|i^pB1|^?|SP|SPqB1|^?|SP|SPr00s00t:1u91|Z<2vB0|SPw202020""}",0,0,1000,0,1.0,mech
90b8f1c7-7017-484c-add7-37fcdf1afbee,Assault,IS,100,Marauder Ii,MAD-X,https://mwo.nav-alpha.com/mechlab?b=818ee3f0_MAD-X,pending,,,RG | ER PPC | LGauss,"[""2x Double Heat Sink"",""Light Engine 310"",""2x Light Gauss Ammo"",""5x Rail Gun Ammo""]",,Trader (Anchor),"{""default"":""Aal82:j1|Xg|i^|i^pB1|P@qB1|^?|;P|SPr00s00t=1|SP|SPu=1|;P|SPvB0|SPw202020""}",0,0,1000,0,1.0,mech
65db3b47-15a8-4630-8052-dd5ef456c7cb,Assault,Clan,80,Naga,NGA-B,https://mwo.nav-alpha.com/mechlab?b=b9e2c2eb_NGA-B,pending,,,2 C-Arrow IV | C-TAG,"[""3x C-Arrow IV Ammo"",""C-Arrow IV Ammo (1/2)""]",,Lock-on,"{""default"":""AikE<:R1|DCp21M_7|HS|ISq21C_7|HSrC0:_7sC0>_7tf0?_7uf0@_7v209_7|HSw202020""}",0,0,0,0,1.0,mech
42f5f5c1-241b-4f27-b554-bd7f00c25d72,Medium,Clan,40,Viper,VPR-A,https://mwo.nav-alpha.com/mechlab?b=731b5bfc_VPR-A,pending,,,5 MPL,"[""8x Jump Jet Class IV"",""XL Engine 320""]",,Skirmisher,"{""default"":""AW6D=:U0pT0LN7|oB|oBqT0JN7|oB|oBr00IN7s>0MN7|oBtX0NN7uX0ON7v20HN7w202020""}",0,0,0,0,1.0,mech
bba829f5-142e-40bc-95ed-cd7e6f285683,Medium,IS,45,Phoenix Hawk,PXH-7S,https://mwo.nav-alpha.com/mechlab?b=0f9ae200_PXH-7S,a57158d8d744c08460a49cdf5ef6a76a0525a00001042021a399090707018,,,2x ER PPC | 5x SmLas,"[""Double Heat Sink"",""3x Jump Jet Class IV"",""MASC Mk II"",""XL Engine 265""]",,Skirmisher,"{""default"":""A3=:2:g0|Gd|1IpZ0|^?|OG|OGqZ0|^?|OG|i^rK0|[?|[?sK0|[?|[?t\\0u\\0v20|[?w102020""}",0,0,0,0,1.0,mech
8ede02d4-bbb9-4a0a-a3e9-64f7c6a82172,Heavy,Clan,65,Linebacker,LBK-D,https://mwo.nav-alpha.com/mechlab?b=cabc1ab5_LBK-D,pending,,,3x C-Beam Las,"[""C-Double Heat Sink""]","MAX Range, Heatgen, Thermal cycling, Survival (Armor, Structure), Max speed, PITCH, COOLRUN, HILL CLIMB, ADV ZOOM, COOLSHOTS.",DPS,"{""default"":""AJ7D<:C1pk0MR7|^Cqk0KR7|^C|^C|l^r00JR7s00NR7td0OR7ud0PR7vB0IR7w101010""}",0,0,720,1080,1.0,mech
0666bb17-5f5a-434c-a60c-54f7341dcc42,Assault,Clan,95,Executioner,EXE-PRIME,https://mwo.nav-alpha.com/mechlab?b=f3f4a451_EXE-PRIME,pending,,,4x C-ER PPC,"[""3x C-Double Heat Sink"",""TComp Mk I""]","RANGE, HEATGEN, VELOCITY, survival, ACCEL / DECEL, COOLRUN, ADV ZOOM, COOLSHOTS.

SEISMIC GOOD if possible",Trader (Forward),"{""default"":""AM4L<:h1p@1UU7|1C|1C|1Cq@1JL7|1C|e<2|l^r001L7s20EL7|l^|l^t@16L7u@17L7vB00L7w000000""}",0,0,931,0,1.0,mech
0ca5649e-7417-4ad6-a605-17f168761f22,Heavy,Clan,75,Night Gyr,NTG-A,https://mwo.nav-alpha.com/mechlab?b=8c47f9a0_NTG-A,pending,,,4x C-ER LL | C-Gauss,"[""6x C-Double Heat Sink"",""2x C-Gauss Ammo"",""C-Gauss Ammo (1/2)"",""TComp Mk I""]",,Trader (Anchor),"{""default"":""Ak6D<6L1|e<2p01<O7|l^|l^|hRq01:O7|l^|l^r`09O7|l^|l^|mB|mB|mBs^0=O7|hB|TR|TRt01>O7u01?O7vB08O7|mBw000000""}",0,0,0,0,1.0,mech
2963893c-2278-43b7-aae6-b20ab282b8ae,Assault,IS,95,Banshee,LA MALINCHE,https://mwo.nav-alpha.com/mechlab?b=78ddd49e_BNC-LM,pending,,,3x ER PPC | LGauss,"[""Beagle Active Probe"",""5x Double Heat Sink"",""IS TComp Mk I"",""Light Engine 355"",""2x Light Gauss Ammo"",""Light Gauss Ammo (1/2)""]",,Trader (Anchor),"{""default"":""A?2:2:h1|ag|i^|i^|i^|i^|o<2|<Pp?1q?1|P@|^?|;P|Z<2rc0|^?|i^sb0|^?t@1u@1vB0|;Pw001010""}",0,0,0,0,1.0,mech
78a2e68d-c49a-4531-a72f-0ce5c5628beb,Medium,Clan,40,Viper,VPR-PRIME,https://mwo.nav-alpha.com/mechlab?b=2b4f6840_VPR-PRIME,pending,,,2x C-ER LL | 2x C-LMG,"[""C-LMG Ammo""]",,Skirmisher,"{""default"":""AV6D<2^0pV0DN7|JC|JC|2SqR0BN7r00AN7sH0EN7|mB|mBtX0FN7uX0GN7v20@N7w202020""}",0,0,0,0,1.0,mech
d34c0a61-a76d-4595-822b-85fa36ef0ea3,Light,Clan,20,Firemoth,FMT-H,https://mwo.nav-alpha.com/mechlab?b=87c021af_FMT-H,pending,,,4x C-ER μL | 7x C-μPL,"[""C-ECM""]",,Skirmisher,"{""default"":""A^jD<:H0pD0l\\7|MC|MCqD0B]7|m<2r901]7|MC|MC|MC|MCs:05]7|MC|LC|LC|LC|LCt@06]7u@07]7v000]7w000000""}",0,0,0,0,1.0,mech
5143439a-b48f-4ff5-aa5d-241f8477cec2,Light,Clan,20,Piranha,PIR-B,https://mwo.nav-alpha.com/mechlab?b=945c6ed3_PIR-B,pending,,,5x C-ER Med | C-ER Small | 4x C-LMG,"[""3x C-Double Heat Sink"",""C-LMG Ammo"",""Clan XL Engine 180""]",,Skirmisher,"{""default"":""AD:D4:G0|Ze|lB|lBpC0|JC|JC|l^qC0|JC|JC|l^|l^r80|lB|kBs90|lB|lBt@0u@0v20|2Sw101010""}",0,0,0,0,1.0,mech
e1d1ad79-f775-4e27-a45a-d38261e3c86d,Light,Clan,20,Piranha,PIR-B,https://mwo.nav-alpha.com/mechlab?b=db515005_PIR-B,pending,,,C-Beam Las | 4x C-LMG,"[""3x C-Double Heat Sink"",""C-LMG Ammo"",""Clan XL Engine 180""]",,Skirmisher,"{""default"":""AD:D4:G0|Ze|^CpB0|JC|JC|l^qB0|JC|JC|l^|l^r00s00t@0u@0v20|2Sw101010""}",0,0,0,0,1.0,mech
b389ff72-98b5-4955-92bf-a46c181addcd,Light,IS,20,Locust,LCT-1V,https://mwo.nav-alpha.com/mechlab?b=c544cac5_LCT-1V,pending,,,Large X Puls,"[""3x Double Heat Sink"",""XL Engine 190""]",,DPS,"{""default"":""AZ192:F0|8d|a@pB0|i^qB0|i^|i^r20s30t@0u@0v60w202020""}",0,0,0,0,1.0,mech
74d6a09f-1505-484a-9f2f-6b0a85c2215f,Medium,Clan,55,Black Lanner,BKL-E,https://mwo.nav-alpha.com/mechlab?b=7055e89d_BKL-E,a57158d8d744d8a460e49cdf5ef207420405a0000504a031a399090d25101,,,2x C-ER LL | 4x C-SPL,[],,Skirmisher,"{""default"":""AK:D<:81pd0=W7qd0SW7rM0:W7|nB|nBsT0VW7|mB|mB|nBtd0WW7ud0XW7v00YW7|nBw000000""}",0,0,0,0,1.0,mech
c64bf3a1-00f3-478c-b5c8-f5d60309df89,Light,Clan,35,Jenner Iic,JR7-IIC-3,https://mwo.nav-alpha.com/mechlab?b=bf2c6e25_JR7-IIC-3,pending,,,4x C-Plasma PPC,"[""C-Double Heat Sink"",""Clan XL Engine 265"",""2x Jump Jet Class V""]",JJ TREE PLEASE ,Skirmisher,"{""default"":""A\\5D4:Z0|ke|PG|PGpN0qN0rH0|_C|_CsH0|_C|_C|l^tP0uP0v:0w202020""}",0,0,0,0,1.0,mech
cd05dd84-6431-40ac-9c35-2227f8449c33,Medium,IS,40,Vulcan,VL-2T,https://mwo.nav-alpha.com/mechlab?b=eee443cc_VL-2T,a57158d8d744d8a460e49cdf5ef207420405a00001042024a160680f2711b,,,3x ER LL,"[""Beagle Active Probe"",""Double Heat Sink"",""IS TComp Mk I"",""Jump Jet Class IV"",""XL Engine 265""]","Range game, not intended for 1v1.",Skirmisher,"{""default"":""AF;92:^0|GdpV0qV0|]?|]?|i^|OG|Z<2r00sF0|]?tX0uX0v20|o<2w202020""}",0,0,0,0,1.0,mech
2cee7e5a-d263-4554-b29b-42d3cefbc06e,Medium,IS,40,Assassin,ASN-101,https://mwo.nav-alpha.com/mechlab?b=e83421f3_ASN-101,a57158d8d744d8a460e49cdf5ef207420405a00001042024a160680f2711b,,,3x ER LL,"[""2x Double Heat Sink"",""IS TComp Mk I"",""Jump Jet Class IV"",""XL Engine 265""]","Range game, not intended for 1v1.",Skirmisher,"{""default"":""A:892:^0|GdpV0|]?|i^|OGqV0|]?|i^r00sF0|]?tX0uX0v20|o<2w202020""}",0,0,0,0,1.0,mech
00173541-cea7-4380-ad57-d57e552f3b02,Assault,Clan,95,Executioner,EXE-M,https://mwo.nav-alpha.com/mechlab?b=5ca675ba_EXE-M,pending,,,4x C-ER LL | 9x C-ER μL,"[""5x C-Double Heat Sink"",""TComp Mk II""]",,Juggernaut,"{""default"":""APiL<8g1p?1fZ7|mB|mB|l^|l^q?1bZ7|mB|LC|mB|f<2re0cZ7|LC|LC|LC|l^|l^sg0gZ7|LC|LC|LC|LC|LC|l^t@1dZ7u@1eZ7vB0hZ7w101010""}",0,0,0,0,1.0,mech
3dd4c5eb-4ba4-4e74-b69c-fb2cfdc032dd,Medium,Clan,55,Black Lanner,BKL-A,https://mwo.nav-alpha.com/mechlab?b=d2820196_BKL-A,a57158d8d744d8a460e49cdf5ef207520405a0000504a031a299090707018,,,6x C-MPL,[],,Skirmisher,"{""default"":""AH:D<:71pc0UW7qc0CW7rP0:W7|oB|oBsQ0VW7|oB|oB|oBtd0?W7ud0@W7v00YW7|oBw101010""}",0,0,345,690,1.0,mech
3fd8262f-ebe8-4868-89a1-0ff381615dd2,Assault,Clan,85,Marauder Iic,MAD-IIC-D,https://mwo.nav-alpha.com/mechlab?b=ee7d7a33_MAD-IIC-D,pending,,,2x C-ER LL | 2x C-Gauss,"[""C-ECM"",""5x C-Gauss Ammo"",""C-Gauss Ammo (1/2)"",""Clan Active Probe"",""Clan XL Engine 340"",""TComp Mk VII""]",,Juggernaut,"{""default"":""Ab7D4:[1|:f|m<2|l<2p71|mB|k<2|TR|TRq71rd0|hB|hRsd0|hB|TRt81|TRu81|TRvB0|mBw101010""}",0,1500,1012,2560,1.0,mech
576d3de7-f5c4-45cf-9b52-157278ea43cf,Light,IS,20,Flea,FLE-R5K,https://mwo.nav-alpha.com/mechlab?b=312f522a_FLE-R5K,pending,,,5x ER Small | 2x SRM 4,"[""3x Double Heat Sink"",""SRM Ammo"",""XL Engine 180""]",,Skirmisher,"{""default"":""A=;92:F0|6d|E@pB0|\\?|i^|i^qB0|\\?|i^r50|E@|E@s50|E@|E@t@0u@0v10|\\Ow202020""}",0,0,0,0,1.0,mech
37c03e57-700f-4f55-ace9-74844022208a,Medium,Clan,45,Shadow Cat,MISHIPESHU,https://mwo.nav-alpha.com/mechlab?b=5f49a34d_SHC-MI,af715cd9d744e28470a49cdf5ef207420405a00001042021a399090707018,,,6x C-AP Gauss | C-ER PPC | C-Plasma PPC,"[""2x AP Gauss Ammo"",""C-Double Heat Sink"",""Light Active Probe"",""TComp Mk I""]","A bit more range from 3 Plasma 6 APG, this one beats up nicely at 800m while still fulfilling the default role.

Skill tree is verified. It needs the heat gen.",Skirmisher,"{""default"":""A=9D<:h0p\\0dM7|DS|l^q\\0CZ7|1C|]C|]C|e<2rL0iM7|]C|]C|]C|DSsJ0fS7|]C|_C|n<2t\\0gS7u\\0hS7v20aS7w000000""}",0,800,310,1862,1.0,mech
4d51d679-02f6-44c9-92c6-bbf95f630866,Heavy,Clan,70,Grand Summoner,TALON,https://mwo.nav-alpha.com/mechlab?b=0cdc9d95_SMN-II-T,pending,,,4x C-AC/2 | 2x C-Plasma PPC,"[""4x C-AC/2 Ammo"",""C-AC/2 Ammo (1/2)""]","

--- Review Notes ---
Frozen and Bear",Brawler,"{""imported"":""SMN-II-T"",""default"":""AHjD<:G1pk0;\\7|FC|FC|_Cqk07\\7|FC|FC|]R|_Cr008\\7s00<\\7td09\\7|IR|IRud0:\\7|IR|IRv>0=\\7w101010""}",0,0,0,0,1.0,mech
71f740d7-2fac-4c09-b7ea-b7b939f811ef,Heavy,Clan,70,Grand Summoner,SMN-II-C,https://mwo.nav-alpha.com/mechlab?b=dbe59301_SMN-II-C,pending,,,4x C-AC/2 | 2x C-ER LL,"[""4x C-AC/2 Ammo"",""C-AC/2 Ammo (1/2)""]","

--- Review Notes ---
Tricky version.",Brawler,"{""imported"":""SMN-II-C"",""default"":""AGjD<:F1|mBpk0;\\7|FC|FC|mBqk07\\7|FC|FC|]Rr000\\7s004\\7t]09\\7|IR|IRu]0:\\7|IR|IRv905\\7w201010""}",0,0,0,0,1.0,mech
f7d2a7be-1c88-4b35-bc0c-067790241de3,Heavy,Clan,70,Grand Summoner,SMN-II-C,https://mwo.nav-alpha.com/mechlab?b=7a0d95a5_SMN-II-C,af715cd9d744faa070449cdf5ef207420405a0000604b070a100080a2211b,,,2x C-ER LL | C-ER PPC | C-Gauss,"[""2x C-Double Heat Sink"",""2x C-Gauss Ammo"",""C-Gauss Ammo (1/2)"",""TComp Mk I""]","--- Review Notes ---
Range trader. Alpine.",Trader (forward),"{""default"":""AGjD<:F1|mBpj0;\\7|1C|hBqj0_[7|mB|l^|e<2|hRr000\\7s004\\7tl09\\7|l^ul0:\\7|TR|TRvA05\\7w202020""}",0,0,0,0,1.0,mech
3600de1c-cde6-4dc9-9a35-4af1eedda4d7,Heavy,Clan,70,Grand Summoner,SMN-II-P,https://mwo.nav-alpha.com/mechlab?b=ac519900_SMN-II-P,pending,,,3x C-HLL | C-UAC/2,"[""4x C-Double Heat Sink"",""2x C-Ultra AC/2 Ammo"",""TComp Mk VII""]","

--- Review Notes ---
Pocket Alpha + Sustain.",Brawler,"{""imported"":""SMN-II-P"",""default"":""A8kD<:F1|PRpj0c[7|l^|PCqj0_[7|PC|k<2rV0`[7|dB|PRs\\0d[7|PC|l^tc0a[7|l^uc0b[7|l^v;0e[7w202020""}",0,0,0,0,1.0,mech
4f398e1a-ae86-402f-936f-197b30e88605,Heavy,Clan,70,Grand Summoner,SMN-II-P,https://mwo.nav-alpha.com/mechlab?b=e57b4cf8_SMN-II-P,pending,,,3x C-HLL | C-UAC/5,"[""7x C-Double Heat Sink"",""2x C-Ultra AC/5 Ammo"",""Clan Active Probe"",""TComp Mk I""]","

--- Review Notes ---
Pocket Alpha + Bigger Sustain",Brawler,"{""imported"":""SMN-II-P"",""default"":""A8kD<:G1|e<2pk0c[7|l^|PC|l^|l<2qk0_[7|PC|QR|l^|l^rV0`[7|eB|QRs\\0d[7|PC|l^tc0a[7|l^uc0b[7|l^v;0e[7w101010""}",0,0,0,0,1.0,mech
f200ed5a-44f7-41c0-ac5e-5814dea46104,Medium,Clan,45,Shadow Cat,MISHIPESHU,https://mwo.nav-alpha.com/mechlab?b=c40fd89b_SHC-MI,af715cd9d744e28470a49cdf5ef207420405a00001042021a399090707018,,,5x C-AP Gauss | 3x C-Plasma PPC,"[""2x AP Gauss Ammo"",""2x C-Double Heat Sink"",""TComp Mk I""]",,Skirmisher,"{""default"":""A=9D<:g0p[0dM7|l^|e<2|DSq[0CZ7|]C|_C|_CrL0iM7|]C|]C|]C|DS|l^sJ0fS7|]C|_Ct\\0gS7u\\0hS7v20aS7w101010""}",0,0,0,0,1.0,mech
cad99011-4381-4dae-b6f7-8a410e482c9e,Medium,Clan,45,Shadow Cat,MISHIPESHU,https://mwo.nav-alpha.com/mechlab?b=206e9914_SHC-MI,a57158d8d744e08470a49cdf5ef207420405a00001042021a399090797478,,,2x C-Beam Las | 6x C-LMG,"[""C-LMG Ammo"",""2x C-LMG Ammo (1/2)"",""TComp Mk I""]",RT for quirks.,DPS,"{""default"":""A=9D<:h0p\\0dM7|e<2q\\0CZ7|JC|JC|^C|2SrJ0iM7|JC|JC|JC|3SsL0fS7|JC|^C|3St\\0gS7u\\0hS7v20aS7w000000""}",0,0,713,1070,1.0,mech
09cecd4e-b733-4f38-921d-6aa91fadf929,Medium,IS,45,Phoenix Hawk,PXH-7S(S),https://mwo.nav-alpha.com/mechlab?b=66c15bea_PXH-7SS,af715cd9d744c28460a49cdf5ef6a7420405a00001042021a299090a22113,,,5x SmLas | 2x Snub PPC,"[""Double Heat Sink"",""6x Jump Jet Class IV"",""MASC Mk II"",""XL Engine 280""]",,Skirmisher,"{""default"":""A4=:2:g0|Jd|i^|OGp[0|OG|I@|OG|OGq[0|1I|I@|OG|OGr?0|[?|[?s>0|[?|[?t\\0u\\0v:0|[?w101010""}",0,0,0,0,1.0,mech
9eed7f80-36c3-4662-bf49-d93bd614b501,Medium,IS,45,Phoenix Hawk,PXH-7S(S),https://mwo.nav-alpha.com/mechlab?b=ee514a89_PXH-7SS,af715cd9d744c28460a49cdf5ef227420405a00001042025a299190707018,,,5x SmLas | 2x Snub PPC,"[""2x Double Heat Sink"",""4x Jump Jet Class IV"",""MASC Mk II"",""XL Engine 280""]",It does get hot,Skirmisher,"{""default"":""A4=:2:g0|Jd|i^p[0|I@|OG|OGq[0|I@|OG|OG|1I|i^r?0|[?|[?s>0|[?|[?t\\0u\\0v:0|[?w101010""}",0,0,310,0,1.0,mech
0416be46-37fa-4971-aca3-2deb6ed1975b,Medium,IS,45,Phoenix Hawk,KUROI KIRI,https://mwo.nav-alpha.com/mechlab?b=27898c35_PXH-KK,aff4f5ef742967c910149cdf5ef6a7620405a0000100000103990900d0600,,,4x ER Small | 2x LB 2,"[""4x Jump Jet Class IV"",""3x LB 2-X AC Ammo"",""XL Engine 295""]",,DPS,"{""default"":""AS6:2:f0|Md|oO|oOpZ0|OG|OGqZ0|OG|OGrL0|J@|J@|E@|E@sJ0|E@|E@t\\0u\\0v20|oOw202020""}",0,0,0,0,1.0,mech
500d44c3-3a45-4c06-995b-23781e7b713e,Medium,Clan,40,Arctic Wolf,ACW-1,https://mwo.nav-alpha.com/mechlab?b=89e692fe_ACW-1,aa030e118bc48214e0a49cdf5ef6a77e0737a0000504a031a29909020201c,,,5x C-SRM 2 | 4x C-SRM 6,"[""5x C-SRM Ammo"",""C-SRM Ammo (1/2)"",""Clan XL Engine 310""]",,Brawler,"{""default"":""Ab9D4:`0|4f|<C|XRpX0|:C|<C|XR|XRqX0|<C|<C|XR|lRrE0|:C|:CsD0|:C|:CtX0uX0v00|XRw000000""}",0,0,270,270,1.0,mech
1e97d4a6-02a7-4f7e-be50-6eb2c54ab535,Medium,Clan,55,Black Lanner,BKL-A,https://mwo.nav-alpha.com/mechlab?b=99be3f09_BKL-A,af715cd9db44821460a49cdf5ef207560617a0000504a031a299090202018,,,5x C-ER μL | 6x C-SPL | 2x C-SRM 6,"[""C-Double Heat Sink"",""2x C-SRM Ammo (1/2)""]",For killing assaults and anything large.,Brawler,"{""default"":""AH:D<:71pc05W7|<C|lRqc0KW7|nB|<C|lR|l^rT0BW7|nB|LC|LC|LC|LC|LCsM0VW7|nB|nB|nBt`0?W7u_0@W7v00YW7|nBw101010""}",0,0,300,0,1.0,mech
243720ac-3d93-45e1-b010-5e3290b6d8f1,Medium,Clan,55,Black Lanner,BKL-A,https://mwo.nav-alpha.com/mechlab?b=0be2d3fe_BKL-A,af710c118b44821460a49cdf5ef207560617a0000504a035a2fb698202018,,,4x C-ER μL | 6x C-SPL | 2x C-SRM 6,"[""C-ECM"",""2x C-SRM Ammo (1/2)""]","A quieter version. Trades DHS for the ECM, to ensure it can close.",Brawler,"{""default"":""AH:D<:71pc0MW7|<C|lRqc0KW7|<C|nB|lRrT0BW7|nB|nB|LC|LC|LC|LCsM0VW7|nB|nB|nBtd0?W7ud0@W7v001W7|m<2w101010""}",0,0,300,0,1.0,mech
d8765cc4-3ed7-4ee9-915e-edb6e53d6eb2,Medium,Clan,55,Black Lanner,BKL-E,https://mwo.nav-alpha.com/mechlab?b=36057551_BKL-E,a57158d8d744d8a460e49cdf5ef207520405a0000504a031a299090707018,,,5x C-MPL,"[""C-Double Heat Sink"",""TComp Mk I""]",,Skirmisher,"{""default"":""AK:D<:71pc0=W7|l^qc0SW7rP0:W7|oB|oBsQ0VW7|oB|oB|oBtd0WW7ud0XW7v00QW7|e<2w101010""}",0,600,424,848,1.0,mech
d5357136-bda3-4263-bd7f-73d9d69b5066,Medium,Clan,55,Black Lanner,BKL-E,https://mwo.nav-alpha.com/mechlab?b=0b7af750_BKL-E,a57158d8d744f8a070449cdf5ef207420405a0000504a031a399090d25103,,,2x C-ER LL | 5x C-LMG | C-MPL,"[""2x C-LMG Ammo (1/2)""]","Blue+Red, but sustain at 500m ",Trader (Forward),"{""default"":""AK:D<:71pc0=W7|3Sqc0SW7|3SrK0ZW7|JC|JC|JCsQ0NW7|mB|mB|JC|JCtb0WW7ub0XW7v00YW7|oBw101010""}",0,1500,1031,2062,1.0,mech
e2c99efd-21c1-4096-9202-b7b04dd4b8f8,Heavy,Clan,65,Ebon Jaguar,EBJ-EC,https://mwo.nav-alpha.com/mechlab?b=487f5d07_EBJ-EC,aff4f5ef742967c910149cdf5ef6a76a0525a0000604b030a100080000000,,,4x C-LB 2,"[""9x C-LB 2-X AC Ammo""]",Uncertain on the ammo,DPS,"{""default"":""A?9D<:D1pl0\\L7|`B|HR|HR|HR|HRql03T7|`B|HR|HR|HRrX0QL7|`B|HRsX0UL7|`B|HRtc07T7ub08T7vB01T7w000000""}",0,0,931,2000,1.0,mech
50d76767-e2e7-40c2-a9dc-7c0939910186,Heavy,Clan,70,Grand Summoner,SMN-II-P(S),https://mwo.nav-alpha.com/mechlab?b=81bdd462_SMN-II-PS,pending,,,3x C-Beam Las,"[""7x C-Double Heat Sink"",""TComp Mk VI""]","So8. 10% range, 10% heat, HSL.",DPS,"{""default"":""AEjD<:G1pk0c[7|^C|l^|l^|l^qk0_[7|^C|l^|j<2r00`[7sT0d[7|^C|l^tc0a[7|l^uc0b[7|l^vB0e[7w101010""}",0,0,804,1206,1.0,mech
ed7e7370-eadb-4b85-b118-b2fc4569be22,Heavy,Clan,70,Grand Summoner,SMN-II-P,https://mwo.nav-alpha.com/mechlab?b=11fd9dd8_SMN-II-P,aff4f4e95410628210049cdf5ef24f4224c5e0000604b071a399090202018,,,2x C-Plasma PPC | 3x C-UAC/5,"[""4x C-Ultra AC/5 Ammo"",""C-Ultra AC/5 Ammo (1/2)""]",Midrange slap.,Brawler,"{""default"":""A8kD<:G1|QRpk0;\\7|eB|eB|_Cqk07\\7|eB|_C|eRr00`[7s00d[7tl09\\7|QRuk0:\\7|QR|QRvB0e[7w101010""}",0,900,724,1448,1.0,mech
9a17fd71-ca1e-4282-93c3-2d2f88d310f2,Heavy,Clan,70,Grand Summoner,TALON,https://mwo.nav-alpha.com/mechlab?b=3ba5eb2a_SMN-II-T,pending,,,6x C-LMG | 4x C-LPL,"[""2x C-Double Heat Sink"",""3x C-LMG Ammo (1/2)""]",,Skirmisher,"{""default"":""AHjD<:H1pl0;\\7|0C|JC|JC|l^|3Sql07\\7|0C|JC|JC|l^rC0`[7|0C|JCsC0d[7|0C|JCtl09\\7|3Sul0:\\7|3SvB0=\\7w000000""}",0,0,687,1376,1.0,mech
9652750e-f186-4c07-b9b6-ba210ac2e010,Heavy,Clan,70,Grand Summoner,SMN-II-B,https://mwo.nav-alpha.com/mechlab?b=b37383d7_SMN-II-B,aff4f5ed74297fe110549cdf5ef6a76a0525a000040080100100080820103,,,4x C-ER Med | 2x C-Gauss,"[""4x C-Gauss Ammo"",""C-Gauss Ammo (1/2)""]",Can be on -B or -C variant,Skirmisher,"{""default"":""AFjD<:H1|lBpk0;\\7|hB|lB|TRqk0o[7|hB|TR|TRr300\\7|lBs304\\7|lBt^0i[7|hRu^0j[7|TRv10m[7w001010""}",0,800,1012,2500,1.0,mech
fcb5e565-34e9-4a8b-a077-bab375685bf9,Heavy,Clan,70,Grand Summoner,TALON,https://mwo.nav-alpha.com/mechlab?b=510707c1_SMN-II-T,af715cd9d754e28670a49cdf5ef6a7420405a0000604b070a10008020201c,,,2x C-Plasma PPC | 4x C-UAC/2,"[""4x C-Ultra AC/2 Ammo"",""C-Ultra AC/2 Ammo (1/2)""]",Frozen and Bear,Brawler,"{""default"":""AHjD<:G1pk0;\\7|_C|dB|dB|dRqk07\\7|_C|dB|dBr00`[7s00d[7td09\\7|PR|PRud0:\\7|PR|PRv>0=\\7w101010""}",0,0,931,1832,1.0,mech
cd64e5ef-4867-4f34-9eed-e93bf1814a5f,Assault,IS,100,Marauder Ii,MAD-X(S),https://mwo.nav-alpha.com/mechlab?b=83c6daf1_MAD-XS,af795cd9d746e28470a49cdf5ef207420405a0000604b030a100080a2211b,,,Railgun | ER PPC | LGauss,"[""2x Double Heat Sink"",""Light Engine 300"",""2x Light Gauss Ammo"",""7x Rail Gun Ammo""]",alpha strikes,Juggernaut,"{""default"":""ABl82:j1|Vg|i^|i^pB1|^?|SP|SPqB1|P@r00|SP|;Ps00t=1|SP|SPu=1|;P|SPvB0|SPw202020""}",0,0,931,2000,1.0,mech
4cf6f607-deac-4e29-80f5-e28c08542e5d,Heavy,Clan,75,Night Gyr,NTG-H,https://mwo.nav-alpha.com/mechlab?b=7a8431fa_NTG-H,pending,,,4x C-AC/5 | C-Plasma PPC,"[""6x C-AC/5 Ammo"",""C-AC/5 Ammo (1/2)""]",,Brawler,"{""default"":""A;<D<:K1|KR|KRpo0DO7|GC|KRqo0BO7|GC|KRr`0YO7|GC|GCs^0MO7|_C|KR|_Rt01WY7u01XY7vB0XO7|KRw101010""}",0,0,828,0,1.0,mech
be1bdbe5-94be-47c5-8dbe-7abe8a9f527b,Light,Clan,25,Commando Iic,COM-IIC,https://mwo.nav-alpha.com/mechlab?b=7008e6b0_COM-IIC,pending,,,4x C-SRM 6,"[""2x C-Double Heat Sink"",""3x C-SRM Ammo"",""C-SRM Ammo (1/2)"",""Clan XL Engine 210""]",The arm SRM6 is fine enough to do the job.,Brawler,"{""default"":""A4kD4:P0|`e|<C|XRpH0|<C|l^|l^|XR|lRqH0|<Cr00s50|<CtH0uH0v10|XRw000000""}",0,0,0,0,1.0,mech
3a8c6bcf-7565-407e-8a1a-1dc47fcb52ff,Assault,IS,95,Bullshark,BSK-6,https://mwo.nav-alpha.com/mechlab?b=be5e4807_BSK-6,aff5fdfdf76de7c570149cdf5ef207420405a000020010400100080202018,,,5x AC/2 | 2x ER PPC,"[""7x AC/2 Ammo"",""2x CASE"",""4x Double Heat Sink"",""Light Engine 300""]",Probably hot af. Win trades by not losing or biting too hard.,DPS,"{""default"":""Ali:2:g1|Vg|i^|i^|EO|EOp?1|j?|j?|^?|i^q?1|j?|j?|^?|i^rQ0|j?|EO|EO|EO|[<2s00t@1|[<2|EOu@1vB0|EOw101010""}",0,0,931,0,1.0,mech
894ec84c-2938-4c49-b85b-43808b69638f,Light,Clan,20,Firemoth,ALETHA,https://mwo.nav-alpha.com/mechlab?b=4b6e357c_FMT-AL,a57050c8540058a000449cdf5ef6a77a0525a0000504a035a2fb698707018,,,4x C-HML,"[""C-ECM"",""Light Active Probe""]","Last 4 points were either range, or anchor turn.",Skirmisher,"{""default"":""A`jD<:H0pD0D]7qD0B]7|n<2|m<2r<0A]7|OC|OC|OCs70E]7|OCt@0F]7u@0G]7v00@]7w000000""}",0,0,330,660,1.0,mech
